elety.x	elety.y	resno.diff	d.l	d.u	d.avg
C	C	1	2.84	3.72	3.22
C	C	2	3.75	7.22	5.49
C	C	3	3.9	10.67	7.15
C	C	4	4	14.03	8.83
C	C	5	3.74	20	14.45
C	CA	1	2.33	2.51	2.43
C	CA	2	4.07	6.14	4.9
C	CA	3	3.96	9.65	6.55
C	CA	4	3.98	13.03	8.12
C	CA	5	3.64	20	14.38
C	CB	0	2.39	2.62	2.5
C	CB	1	2.96	3.79	3.6
C	CB	2	3.97	7.28	5.61
C	CB	3	3.86	10.69	6.84
C	CB	4	3.74	14.22	8.28
C	CB	5	3.4	20	14.36
C	N	1	1.28	1.37	1.33
C	N	2	2.93	4.82	3.68
C	N	3	3.46	8.32	5.57
C	N	4	3.64	11.79	7.2
C	N	5	3.43	20	14.3
C	O	0	1.17	1.28	1.23
C	O	1	2.97	4.74	3.94
C	O	2	3.54	8.18	6.14
C	O	3	3.44	11.42	7.77
C	O	4	3.43	14.77	9.4
C	O	5	2.93	20	14.49
CA	C	0	1.46	1.57	1.52
CA	C	1	4.07	5	4.54
CA	C	2	4.5	8.5	6.53
CA	C	3	3.95	11.97	8.04
CA	C	4	3.73	15.31	9.75
CA	C	5	3.48	20	14.5
CA	CA	1	3.71	3.88	3.8
CA	CA	2	4.6	7.37	5.98
CA	CA	3	4.28	10.81	7.41
CA	CA	4	4.03	14.36	9.04
CA	CA	5	3.7	20	14.45
CA	CB	0	1.46	1.59	1.53
CA	CB	1	4.28	5.15	4.78
CA	CB	2	4.71	8.56	6.51
CA	CB	3	3.87	12	7.53
CA	CB	4	3.7	15.37	9.21
CA	CB	5	3.47	20	14.43
CA	N	1	2.36	2.5	2.43
CA	N	2	3.44	6.11	4.87
CA	N	3	4	9.58	6.53
CA	N	4	3.78	13.01	8.15
CA	N	5	3.43	20	14.38
CA	O	0	2.32	2.46	2.4
CA	O	1	3.84	6.11	5.18
CA	O	2	3.97	9.4	7.19
CA	O	3	3.31	12.72	8.63
CA	O	4	3.12	15.88	10.29
CA	O	5	2.97	20	14.55
CB	C	1	4.15	6.16	5.33
CB	C	2	3.9	9.52	7.27
CB	C	3	3.7	12.95	8.61
CB	C	4	3.75	16.15	10.19
CB	C	5	3.56	20	14.52
CB	CA	1	4.12	5.04	4.58
CB	CA	2	4.55	8.55	6.72
CB	CA	3	3.72	11.91	8.05
CB	CA	4	3.69	15.16	9.49
CB	CA	5	3.35	20	14.47
CB	CB	1	4.33	6.26	5.5
CB	CB	2	4.12	9.58	7.19
CB	CB	3	3.67	13.16	8.1
CB	CB	4	3.61	15.91	9.59
CB	CB	5	3.53	20	14.43
CB	N	1	2.79	3.77	3.3
CB	N	2	3.65	7.29	5.66
CB	N	3	3.7	10.75	7.23
CB	N	4	3.88	13.88	8.68
CB	N	5	3.45	20	14.41
CB	O	1	3.52	7.2	5.91
CB	O	2	3.29	10.55	7.93
CB	O	3	3.41	13.35	9.18
CB	O	4	3.17	16.76	10.71
CB	O	5	3.05	20	14.56
N	C	0	2.3	2.59	2.46
N	C	1	4.34	6.13	5.15
N	C	2	3.88	9.51	7.05
N	C	3	3.65	12.88	8.66
N	C	4	3.83	16.25	10.35
N	C	5	3.5	20	14.55
N	CA	0	1.39	1.53	1.46
N	CA	1	3.98	5.01	4.43
N	CA	2	4.53	8.54	6.44
N	CA	3	4.29	11.91	7.99
N	CA	4	3.84	15.21	9.69
N	CA	5	3.44	20	14.5
N	CB	0	2.36	2.56	2.46
N	CB	1	4.21	6.15	5.22
N	CB	2	4.33	9.68	6.83
N	CB	3	3.51	13.1	8.12
N	CB	4	3.78	16.58	9.87
N	CB	5	3.42	20	14.47
N	N	1	2.61	3.7	3.08
N	N	2	3.93	7.25	5.36
N	N	3	3.72	10.67	7.08
N	N	4	4.03	14.17	8.8
N	N	5	3.47	20	14.44
N	O	0	2.58	3.69	3.24
N	O	1	3.89	7.11	5.84
N	O	2	2.94	10.57	7.69
N	O	3	2.76	13.85	9.24
N	O	4	2.74	17.02	10.88
N	O	5	2.65	20	14.59
O	C	1	2.7	4.27	3.35
O	C	2	3.02	7.78	5.32
O	C	3	3.08	10.95	6.78
O	C	4	3.19	14.42	8.48
O	C	5	2.92	20	14.39
O	CA	1	2.6	2.93	2.77
O	CA	2	3.58	6.59	4.87
O	CA	3	3.1	9.97	6.26
O	CA	4	3.01	13.29	7.73
O	CA	5	2.82	20	14.32
O	CB	0	2.66	3.71	3.15
O	CB	1	2.83	4.41	4.04
O	CB	2	3.66	7.83	5.62
O	CB	3	3.07	10.97	6.58
O	CB	4	3.03	14.52	7.92
O	CB	5	2.87	20	14.3
O	N	1	2.18	2.32	2.25
O	N	2	2.77	5.49	3.76
O	N	3	2.66	8.72	5.38
O	N	4	2.7	12.08	6.82
O	N	5	2.65	20	14.25
O	O	1	2.95	5.18	3.99
O	O	2	3.2	8.62	5.91
O	O	3	2.9	11.68	7.41
O	O	4	3.02	15.19	9.04
O	O	5	3.07	20	14.44
C	C	-1	2.84	3.72	3.22
C	C	-2	3.75	7.22	5.49
C	C	-3	3.9	10.67	7.15
C	C	-4	4	14.03	8.83
C	C	-5	3.74	20	14.45
CA	C	-1	2.33	2.51	2.43
CA	C	-2	4.07	6.14	4.9
CA	C	-3	3.96	9.65	6.55
CA	C	-4	3.98	13.03	8.12
CA	C	-5	3.64	20	14.38
CB	C	0	2.39	2.62	2.5
CB	C	-1	2.96	3.79	3.6
CB	C	-2	3.97	7.28	5.61
CB	C	-3	3.86	10.69	6.84
CB	C	-4	3.74	14.22	8.28
CB	C	-5	3.4	20	14.36
N	C	-1	1.28	1.37	1.33
N	C	-2	2.93	4.82	3.68
N	C	-3	3.46	8.32	5.57
N	C	-4	3.64	11.79	7.2
N	C	-5	3.43	20	14.3
O	C	0	1.17	1.28	1.23
O	C	-1	2.97	4.74	3.94
O	C	-2	3.54	8.18	6.14
O	C	-3	3.44	11.42	7.77
O	C	-4	3.43	14.77	9.4
O	C	-5	2.93	20	14.49
C	CA	0	1.46	1.57	1.52
C	CA	-1	4.07	5	4.54
C	CA	-2	4.5	8.5	6.53
C	CA	-3	3.95	11.97	8.04
C	CA	-4	3.73	15.31	9.75
C	CA	-5	3.48	20	14.5
CA	CA	-1	3.71	3.88	3.8
CA	CA	-2	4.6	7.37	5.98
CA	CA	-3	4.28	10.81	7.41
CA	CA	-4	4.03	14.36	9.04
CA	CA	-5	3.7	20	14.45
CB	CA	0	1.46	1.59	1.53
CB	CA	-1	4.28	5.15	4.78
CB	CA	-2	4.71	8.56	6.51
CB	CA	-3	3.87	12	7.53
CB	CA	-4	3.7	15.37	9.21
CB	CA	-5	3.47	20	14.43
N	CA	-1	2.36	2.5	2.43
N	CA	-2	3.44	6.11	4.87
N	CA	-3	4	9.58	6.53
N	CA	-4	3.78	13.01	8.15
N	CA	-5	3.43	20	14.38
O	CA	0	2.32	2.46	2.4
O	CA	-1	3.84	6.11	5.18
O	CA	-2	3.97	9.4	7.19
O	CA	-3	3.31	12.72	8.63
O	CA	-4	3.12	15.88	10.29
O	CA	-5	2.97	20	14.55
C	CB	-1	4.15	6.16	5.33
C	CB	-2	3.9	9.52	7.27
C	CB	-3	3.7	12.95	8.61
C	CB	-4	3.75	16.15	10.19
C	CB	-5	3.56	20	14.52
CA	CB	-1	4.12	5.04	4.58
CA	CB	-2	4.55	8.55	6.72
CA	CB	-3	3.72	11.91	8.05
CA	CB	-4	3.69	15.16	9.49
CA	CB	-5	3.35	20	14.47
CB	CB	-1	4.33	6.26	5.5
CB	CB	-2	4.12	9.58	7.19
CB	CB	-3	3.67	13.16	8.1
CB	CB	-4	3.61	15.91	9.59
CB	CB	-5	3.53	20	14.43
N	CB	-1	2.79	3.77	3.3
N	CB	-2	3.65	7.29	5.66
N	CB	-3	3.7	10.75	7.23
N	CB	-4	3.88	13.88	8.68
N	CB	-5	3.45	20	14.41
O	CB	-1	3.52	7.2	5.91
O	CB	-2	3.29	10.55	7.93
O	CB	-3	3.41	13.35	9.18
O	CB	-4	3.17	16.76	10.71
O	CB	-5	3.05	20	14.56
C	N	0	2.3	2.59	2.46
C	N	-1	4.34	6.13	5.15
C	N	-2	3.88	9.51	7.05
C	N	-3	3.65	12.88	8.66
C	N	-4	3.83	16.25	10.35
C	N	-5	3.5	20	14.55
CA	N	0	1.39	1.53	1.46
CA	N	-1	3.98	5.01	4.43
CA	N	-2	4.53	8.54	6.44
CA	N	-3	4.29	11.91	7.99
CA	N	-4	3.84	15.21	9.69
CA	N	-5	3.44	20	14.5
CB	N	0	2.36	2.56	2.46
CB	N	-1	4.21	6.15	5.22
CB	N	-2	4.33	9.68	6.83
CB	N	-3	3.51	13.1	8.12
CB	N	-4	3.78	16.58	9.87
CB	N	-5	3.42	20	14.47
N	N	-1	2.61	3.7	3.08
N	N	-2	3.93	7.25	5.36
N	N	-3	3.72	10.67	7.08
N	N	-4	4.03	14.17	8.8
N	N	-5	3.47	20	14.44
O	N	0	2.58	3.69	3.24
O	N	-1	3.89	7.11	5.84
O	N	-2	2.94	10.57	7.69
O	N	-3	2.76	13.85	9.24
O	N	-4	2.74	17.02	10.88
O	N	-5	2.65	20	14.59
C	O	-1	2.7	4.27	3.35
C	O	-2	3.02	7.78	5.32
C	O	-3	3.08	10.95	6.78
C	O	-4	3.19	14.42	8.48
C	O	-5	2.92	20	14.39
CA	O	-1	2.6	2.93	2.77
CA	O	-2	3.58	6.59	4.87
CA	O	-3	3.1	9.97	6.26
CA	O	-4	3.01	13.29	7.73
CA	O	-5	2.82	20	14.32
CB	O	0	2.66	3.71	3.15
CB	O	-1	2.83	4.41	4.04
CB	O	-2	3.66	7.83	5.62
CB	O	-3	3.07	10.97	6.58
CB	O	-4	3.03	14.52	7.92
CB	O	-5	2.87	20	14.3
N	O	-1	2.18	2.32	2.25
N	O	-2	2.77	5.49	3.76
N	O	-3	2.66	8.72	5.38
N	O	-4	2.7	12.08	6.82
N	O	-5	2.65	20	14.25
O	O	-1	2.95	5.18	3.99
O	O	-2	3.2	8.62	5.91
O	O	-3	2.9	11.68	7.41
O	O	-4	3.02	15.19	9.04
O	O	-5	3.07	20	14.44
